date,daylight
2016/01/01,14:44:19
2016/01/02,14:43:40
2016/01/03,14:42:58
2016/01/04,14:42:12
2016/01/05,14:41:23
2016/01/06,14:40:30
2016/01/07,14:39:34
2016/01/08,14:38:35
2016/01/09,14:37:32
2016/01/10,14:36:27
2016/01/11,14:35:18
2016/01/12,14:34:06
2016/01/13,14:32:50
2016/01/14,14:31:32
2016/01/15,14:30:11
2016/01/16,14:28:48
2016/01/17,14:27:21
2016/01/18,14:25:52
2016/01/19,14:24:20
2016/01/20,14:22:46
2016/01/21,14:21:09
2016/01/22,14:19:29
2016/01/23,14:17:48
2016/01/24,14:16:04
2016/01/25,14:14:18
2016/01/26,14:12:29
2016/01/27,14:10:39
2016/01/28,14:08:47
2016/01/29,14:06:53
2016/01/30,14:04:56
2016/01/31,14:02:59
2016/02/01,14:00:59
2016/02/02,13:58:58
2016/02/03,13:56:55
2016/02/04,13:54:51
2016/02/05,13:52:45
2016/02/06,13:50:38
2016/02/07,13:48:29
2016/02/08,13:46:20
2016/02/09,13:44:09
2016/02/10,13:41:57
2016/02/11,13:39:43
2016/02/12,13:37:29
2016/02/13,13:35:14
2016/02/14,13:32:58
2016/02/15,13:30:41
2016/02/16,13:28:23
2016/02/17,13:26:04
2016/02/18,13:23:44
2016/02/19,13:21:24
2016/02/20,13:19:03
2016/02/21,13:16:41
2016/02/22,13:14:19
2016/02/23,13:11:56
2016/02/24,13:09:32
2016/02/25,13:07:08
2016/02/26,13:04:44
2016/02/27,13:02:19
2016/02/28,12:59:54
2016/02/29,12:57:29
2016/03/01,12:55:03
2016/03/02,12:52:37
2016/03/03,12:50:10
2016/03/04,12:47:44
2016/03/05,12:45:17
2016/03/06,12:42:50
2016/03/07,12:40:22
2016/03/08,12:37:55
2016/03/09,12:35:28
2016/03/10,12:33:00
2016/03/11,12:30:33
2016/03/12,12:28:05
2016/03/13,12:25:37
2016/03/14,12:23:10
2016/03/15,12:20:42
2016/03/16,12:18:14
2016/03/17,12:15:47
2016/03/18,12:13:19
2016/03/19,12:10:52
2016/03/20,12:08:24
2016/03/21,12:05:57
2016/03/22,12:03:30
2016/03/23,12:01:03
2016/03/24,11:58:36
2016/03/25,11:56:10
2016/03/26,11:53:43
2016/03/27,11:51:17
2016/03/28,11:48:51
2016/03/29,11:46:26
2016/03/30,11:44:01
2016/03/31,11:41:36
2016/04/01,11:39:11
2016/04/02,11:36:47
2016/04/03,11:34:23
2016/04/04,11:32:00
2016/04/05,11:29:37
2016/04/06,11:27:14
2016/04/07,11:24:52
2016/04/08,11:22:31
2016/04/09,11:20:10
2016/04/10,11:17:49
2016/04/11,11:15:30
2016/04/12,11:13:10
2016/04/13,11:10:52
2016/04/14,11:08:34
2016/04/15,11:06:16
2016/04/16,11:04:00
2016/04/17,11:01:44
2016/04/18,10:59:28
2016/04/19,10:57:14
2016/04/20,10:55:00
2016/04/21,10:52:48
2016/04/22,10:50:36
2016/04/23,10:48:25
2016/04/24,10:46:14
2016/04/25,10:44:05
2016/04/26,10:41:57
2016/04/27,10:39:50
2016/04/28,10:37:44
2016/04/29,10:35:40
2016/04/30,10:33:36
2016/05/01,10:31:34
2016/05/02,10:29:33
2016/05/03,10:27:33
2016/05/04,10:25:34
2016/05/05,10:23:37
2016/05/06,10:21:42
2016/05/07,10:19:48
2016/05/08,10:17:55
2016/05/09,10:16:04
2016/05/10,10:14:15
2016/05/11,10:12:27
2016/05/12,10:10:41
2016/05/13,10:08:57
2016/05/14,10:07:14
2016/05/15,10:05:34
2016/05/16,10:03:55
2016/05/17,10:02:18
2016/05/18,10:00:43
2016/05/19,9:59:11
2016/05/20,9:57:40
2016/05/21,9:56:12
2016/05/22,9:54:46
2016/05/23,9:53:22
2016/05/24,9:52:00
2016/05/25,9:50:41
2016/05/26,9:49:24
2016/05/27,9:48:09
2016/05/28,9:46:58
2016/05/29,9:45:48
2016/05/30,9:44:42
2016/05/31,9:43:37
2016/06/01,9:42:36
2016/06/02,9:41:38
2016/06/03,9:40:42
2016/06/04,9:39:49
2016/06/05,9:38:59
2016/06/06,9:38:11
2016/06/07,9:37:27
2016/06/08,9:36:46
2016/06/09,9:36:07
2016/06/10,9:35:32
2016/06/11,9:35:00
2016/06/12,9:34:30
2016/06/13,9:34:04
2016/06/14,9:33:41
2016/06/15,9:33:21
2016/06/16,9:33:04
2016/06/17,9:32:50
2016/06/18,9:32:40
2016/06/19,9:32:33
2016/06/20,9:32:28
2016/06/21,9:32:27
2016/06/22,9:32:30
2016/06/23,9:32:35
2016/06/24,9:32:43
2016/06/25,9:32:55
2016/06/26,9:33:10
2016/06/27,9:33:28
2016/06/28,9:33:49
2016/06/29,9:34:13
2016/06/30,9:34:40
2016/07/01,9:35:11
2016/07/02,9:35:44
2016/07/03,9:36:20
2016/07/04,9:37:00
2016/07/05,9:37:42
2016/07/06,9:38:27
2016/07/07,9:39:15
2016/07/08,9:40:06
2016/07/09,9:41:00
2016/07/10,9:41:56
2016/07/11,9:42:56
2016/07/12,9:43:57
2016/07/13,9:45:02
2016/07/14,9:46:09
2016/07/15,9:47:19
2016/07/16,9:48:31
2016/07/17,9:49:45
2016/07/18,9:51:02
2016/07/19,9:52:22
2016/07/20,9:53:43
2016/07/21,9:55:07
2016/07/22,9:56:33
2016/07/23,9:58:02
2016/07/24,9:59:32
2016/07/25,10:01:04
2016/07/26,10:02:39
2016/07/27,10:04:15
2016/07/28,10:05:53
2016/07/29,10:07:33
2016/07/30,10:09:15
2016/07/31,10:10:59
2016/08/01,10:12:44
2016/08/02,10:14:31
2016/08/03,10:16:20
2016/08/04,10:18:10
2016/08/05,10:20:01
2016/08/06,10:21:54
2016/08/07,10:23:49
2016/08/08,10:25:45
2016/08/09,10:27:42
2016/08/10,10:29:40
2016/08/11,10:31:40
2016/08/12,10:33:41
2016/08/13,10:35:43
2016/08/14,10:37:46
2016/08/15,10:39:51
2016/08/16,10:41:56
2016/08/17,10:44:03
2016/08/18,10:46:10
2016/08/19,10:48:18
2016/08/20,10:50:28
2016/08/21,10:52:38
2016/08/22,10:54:49
2016/08/23,10:57:00
2016/08/24,10:59:13
2016/08/25,11:01:26
2016/08/26,11:03:40
2016/08/27,11:05:55
2016/08/28,11:08:10
2016/08/29,11:10:26
2016/08/30,11:12:43
2016/08/31,11:15:00
2016/09/01,11:17:18
2016/09/02,11:19:36
2016/09/03,11:21:55
2016/09/04,11:24:14
2016/09/05,11:26:34
2016/09/06,11:28:54
2016/09/07,11:31:15
2016/09/08,11:33:36
2016/09/09,11:35:58
2016/09/10,11:38:19
2016/09/11,11:40:42
2016/09/12,11:43:04
2016/09/13,11:45:27
2016/09/14,11:47:50
2016/09/15,11:50:14
2016/09/16,11:52:38
2016/09/17,11:55:02
2016/09/18,11:57:26
2016/09/19,11:59:50
2016/09/20,12:02:15
2016/09/21,12:04:40
2016/09/22,12:07:05
2016/09/23,12:09:30
2016/09/24,12:11:55
2016/09/25,12:14:20
2016/09/26,12:16:45
2016/09/27,12:19:11
2016/09/28,12:21:36
2016/09/29,12:24:02
2016/09/30,12:26:27
2016/10/01,12:28:53
2016/10/02,12:31:18
2016/10/03,12:33:43
2016/10/04,12:36:09
2016/10/05,12:38:34
2016/10/06,12:40:59
2016/10/07,12:43:24
2016/10/08,12:45:49
2016/10/09,12:48:13
2016/10/10,12:50:38
2016/10/11,12:53:02
2016/10/12,12:55:26
2016/10/13,12:57:50
2016/10/14,13:00:13
2016/10/15,13:02:36
2016/10/16,13:04:59
2016/10/17,13:07:21
2016/10/18,13:09:43
2016/10/19,13:12:05
2016/10/20,13:14:26
2016/10/21,13:16:46
2016/10/22,13:19:06
2016/10/23,13:21:25
2016/10/24,13:23:43
2016/10/25,13:26:01
2016/10/26,13:28:18
2016/10/27,13:30:35
2016/10/28,13:32:50
2016/10/29,13:35:05
2016/10/30,13:37:18
2016/10/31,13:39:31
2016/11/01,13:41:43
2016/11/02,13:43:53
2016/11/03,13:46:03
2016/11/04,13:48:11
2016/11/05,13:50:19
2016/11/06,13:52:25
2016/11/07,13:54:29
2016/11/08,13:56:32
2016/11/09,13:58:34
2016/11/10,14:00:34
2016/11/11,14:02:33
2016/11/12,14:04:30
2016/11/13,14:06:26
2016/11/14,14:08:19
2016/11/15,14:10:11
2016/11/16,14:12:01
2016/11/17,14:13:49
2016/11/18,14:15:35
2016/11/19,14:17:18
2016/11/20,14:19:00
2016/11/21,14:20:39
2016/11/22,14:22:16
2016/11/23,14:23:51
2016/11/24,14:25:23
2016/11/25,14:26:52
2016/11/26,14:28:19
2016/11/27,14:29:43
2016/11/28,14:31:05
2016/11/29,14:32:23
2016/11/30,14:33:39
2016/12/01,14:34:52
2016/12/02,14:36:01
2016/12/03,14:37:08
2016/12/04,14:38:12
2016/12/05,14:39:12
2016/12/06,14:40:09
2016/12/07,14:41:03
2016/12/08,14:41:53
2016/12/09,14:42:40
2016/12/10,14:43:24
2016/12/11,14:44:04
2016/12/12,14:44:40
2016/12/13,14:45:13
2016/12/14,14:45:43
2016/12/15,14:46:08
2016/12/16,14:46:30
2016/12/17,14:46:48
2016/12/18,14:47:03
2016/12/19,14:47:13
2016/12/20,14:47:20
2016/12/21,14:47:23
2016/12/22,14:47:23
2016/12/23,14:47:18
2016/12/24,14:47:10
2016/12/25,14:46:58
2016/12/26,14:46:42
2016/12/27,14:46:23
2016/12/28,14:46:00
2016/12/29,14:45:33
2016/12/30,14:45:02
2016/12/31,14:44:28
2017/01/01,14:44:19
2017/01/02,14:43:40
2017/01/03,14:42:58
2017/01/04,14:42:12
2017/01/05,14:41:23
2017/01/06,14:40:30
2017/01/07,14:39:34
2017/01/08,14:38:35
2017/01/09,14:37:32
2017/01/10,14:36:27
2017/01/11,14:35:18
2017/01/12,14:34:06
2017/01/13,14:32:50
2017/01/14,14:31:32
2017/01/15,14:30:11
2017/01/16,14:28:48
2017/01/17,14:27:21
2017/01/18,14:25:52
2017/01/19,14:24:20
2017/01/20,14:22:46
2017/01/21,14:21:09
2017/01/22,14:19:29
2017/01/23,14:17:48
2017/01/24,14:16:04
2017/01/25,14:14:18
2017/01/26,14:12:29
2017/01/27,14:10:39
2017/01/28,14:08:47
2017/01/29,14:06:53
2017/01/30,14:04:56
2017/01/31,14:02:59
2017/02/01,14:00:59
2017/02/02,13:58:58
2017/02/03,13:56:55
2017/02/04,13:54:51
2017/02/05,13:52:45
2017/02/06,13:50:38
2017/02/07,13:48:29
2017/02/08,13:46:20
2017/02/09,13:44:09
2017/02/10,13:41:57
2017/02/11,13:39:43
2017/02/12,13:37:29
2017/02/13,13:35:14
2017/02/14,13:32:58
2017/02/15,13:30:41
2017/02/16,13:28:23
2017/02/17,13:26:04
2017/02/18,13:23:44
2017/02/19,13:21:24
2017/02/20,13:19:03
2017/02/21,13:16:41
2017/02/22,13:14:19
2017/02/23,13:11:56
2017/02/24,13:09:32
2017/02/25,13:07:08
2017/02/26,13:04:44
2017/02/27,13:02:19
2017/02/28,12:59:54
2017/03/01,12:55:03
2017/03/02,12:52:37
2017/03/03,12:50:10
2017/03/04,12:47:44
2017/03/05,12:45:17
2017/03/06,12:42:50
2017/03/07,12:40:22
2017/03/08,12:37:55
2017/03/09,12:35:28
2017/03/10,12:33:00
2017/03/11,12:30:33
2017/03/12,12:28:05
2017/03/13,12:25:37
2017/03/14,12:23:10
2017/03/15,12:20:42
2017/03/16,12:18:14
2017/03/17,12:15:47
2017/03/18,12:13:19
2017/03/19,12:10:52
2017/03/20,12:08:24
2017/03/21,12:05:57
2017/03/22,12:03:30
2017/03/23,12:01:03
2017/03/24,11:58:36
2017/03/25,11:56:10
2017/03/26,11:53:43
2017/03/27,11:51:17
2017/03/28,11:48:51
2017/03/29,11:46:26
2017/03/30,11:44:01
2017/03/31,11:41:36
2017/04/01,11:39:11
2017/04/02,11:36:47
2017/04/03,11:34:23
2017/04/04,11:32:00
2017/04/05,11:29:37
2017/04/06,11:27:14
2017/04/07,11:24:52
2017/04/08,11:22:31
2017/04/09,11:20:10
2017/04/10,11:17:49
2017/04/11,11:15:30
2017/04/12,11:13:10
2017/04/13,11:10:52
2017/04/14,11:08:34
2017/04/15,11:06:16
2017/04/16,11:04:00
2017/04/17,11:01:44
2017/04/18,10:59:28
2017/04/19,10:57:14
2017/04/20,10:55:00
2017/04/21,10:52:48
2017/04/22,10:50:36
2017/04/23,10:48:25
2017/04/24,10:46:14
2017/04/25,10:44:05
2017/04/26,10:41:57
2017/04/27,10:39:50
2017/04/28,10:37:44
2017/04/29,10:35:40
2017/04/30,10:33:36
2017/05/01,10:31:34
2017/05/02,10:29:33
2017/05/03,10:27:33
2017/05/04,10:25:34
2017/05/05,10:23:37
2017/05/06,10:21:42
2017/05/07,10:19:48
2017/05/08,10:17:55
2017/05/09,10:16:04
2017/05/10,10:14:15
2017/05/11,10:12:27
2017/05/12,10:10:41
2017/05/13,10:08:57
2017/05/14,10:07:14
2017/05/15,10:05:34
2017/05/16,10:03:55
2017/05/17,10:02:18
2017/05/18,10:00:43
2017/05/19,9:59:11
2017/05/20,9:57:40
2017/05/21,9:56:12
2017/05/22,9:54:46
2017/05/23,9:53:22
2017/05/24,9:52:00
2017/05/25,9:50:41
2017/05/26,9:49:24
2017/05/27,9:48:09
2017/05/28,9:46:58
2017/05/29,9:45:48
2017/05/30,9:44:42
2017/05/31,9:43:37
2017/06/01,9:42:36
2017/06/02,9:41:38
2017/06/03,9:40:42
2017/06/04,9:39:49
2017/06/05,9:38:59
2017/06/06,9:38:11
2017/06/07,9:37:27
2017/06/08,9:36:46
2017/06/09,9:36:07
2017/06/10,9:35:32
2017/06/11,9:35:00
2017/06/12,9:34:30
2017/06/13,9:34:04
2017/06/14,9:33:41
2017/06/15,9:33:21
2017/06/16,9:33:04
2017/06/17,9:32:50
2017/06/18,9:32:40
2017/06/19,9:32:33
2017/06/20,9:32:28
2017/06/21,9:32:27
2017/06/22,9:32:30
2017/06/23,9:32:35
2017/06/24,9:32:43
2017/06/25,9:32:55
2017/06/26,9:33:10
2017/06/27,9:33:28
2017/06/28,9:33:49
2017/06/29,9:34:13
2017/06/30,9:34:40
2017/07/01,9:35:11
2017/07/02,9:35:44
2017/07/03,9:36:20
2017/07/04,9:37:00
2017/07/05,9:37:42
2017/07/06,9:38:27
2017/07/07,9:39:15
2017/07/08,9:40:06
2017/07/09,9:41:00
2017/07/10,9:41:56
2017/07/11,9:42:56
2017/07/12,9:43:57
2017/07/13,9:45:02
2017/07/14,9:46:09
2017/07/15,9:47:19
2017/07/16,9:48:31
2017/07/17,9:49:45
2017/07/18,9:51:02
2017/07/19,9:52:22
2017/07/20,9:53:43
2017/07/21,9:55:07
2017/07/22,9:56:33
2017/07/23,9:58:02
2017/07/24,9:59:32
2017/07/25,10:01:04
2017/07/26,10:02:39
2017/07/27,10:04:15
2017/07/28,10:05:53
2017/07/29,10:07:33
2017/07/30,10:09:15
2017/07/31,10:10:59
2017/08/01,10:12:44
2017/08/02,10:14:31
2017/08/03,10:16:20
2017/08/04,10:18:10
2017/08/05,10:20:01
2017/08/06,10:21:54
2017/08/07,10:23:49
2017/08/08,10:25:45
2017/08/09,10:27:42
2017/08/10,10:29:40
2017/08/11,10:31:40
2017/08/12,10:33:41
2017/08/13,10:35:43
2017/08/14,10:37:46
2017/08/15,10:39:51
2017/08/16,10:41:56
2017/08/17,10:44:03
2017/08/18,10:46:10
2017/08/19,10:48:18
2017/08/20,10:50:28
2017/08/21,10:52:38
2017/08/22,10:54:49
2017/08/23,10:57:00
2017/08/24,10:59:13
2017/08/25,11:01:26
2017/08/26,11:03:40
2017/08/27,11:05:55
2017/08/28,11:08:10
2017/08/29,11:10:26
2017/08/30,11:12:43
2017/08/31,11:15:00
2017/09/01,11:17:18
2017/09/02,11:19:36
2017/09/03,11:21:55
2017/09/04,11:24:14
2017/09/05,11:26:34
2017/09/06,11:28:54
2017/09/07,11:31:15
2017/09/08,11:33:36
2017/09/09,11:35:58
2017/09/10,11:38:19
2017/09/11,11:40:42
2017/09/12,11:43:04
2017/09/13,11:45:27
2017/09/14,11:47:50
2017/09/15,11:50:14
2017/09/16,11:52:38
2017/09/17,11:55:02
2017/09/18,11:57:26
2017/09/19,11:59:50
2017/09/20,12:02:15
2017/09/21,12:04:40
2017/09/22,12:07:05
2017/09/23,12:09:30
2017/09/24,12:11:55
2017/09/25,12:14:20
2017/09/26,12:16:45
2017/09/27,12:19:11
2017/09/28,12:21:36
2017/09/29,12:24:02
2017/09/30,12:26:27
2017/10/01,12:28:53
2017/10/02,12:31:18
2017/10/03,12:33:43
2017/10/04,12:36:09
2017/10/05,12:38:34
2017/10/06,12:40:59
2017/10/07,12:43:24
2017/10/08,12:45:49
2017/10/09,12:48:13
2017/10/10,12:50:38
2017/10/11,12:53:02
2017/10/12,12:55:26
2017/10/13,12:57:50
2017/10/14,13:00:13
2017/10/15,13:02:36
2017/10/16,13:04:59
2017/10/17,13:07:21
2017/10/18,13:09:43
2017/10/19,13:12:05
2017/10/20,13:14:26
2017/10/21,13:16:46
2017/10/22,13:19:06
2017/10/23,13:21:25
2017/10/24,13:23:43
2017/10/25,13:26:01
2017/10/26,13:28:18
2017/10/27,13:30:35
2017/10/28,13:32:50
2017/10/29,13:35:05
2017/10/30,13:37:18
2017/10/31,13:39:31
2017/11/01,13:41:43
2017/11/02,13:43:53
2017/11/03,13:46:03
2017/11/04,13:48:11
2017/11/05,13:50:19
2017/11/06,13:52:25
2017/11/07,13:54:29
2017/11/08,13:56:32
2017/11/09,13:58:34
2017/11/10,14:00:34
2017/11/11,14:02:33
2017/11/12,14:04:30
2017/11/13,14:06:26
2017/11/14,14:08:19
2017/11/15,14:10:11
2017/11/16,14:12:01
2017/11/17,14:13:49
2017/11/18,14:15:35
2017/11/19,14:17:18
2017/11/20,14:19:00
2017/11/21,14:20:39
2017/11/22,14:22:16
2017/11/23,14:23:51
2017/11/24,14:25:23
2017/11/25,14:26:52
2017/11/26,14:28:19
2017/11/27,14:29:43
2017/11/28,14:31:05
2017/11/29,14:32:23
2017/11/30,14:33:39
2017/12/01,14:34:52
2017/12/02,14:36:01
2017/12/03,14:37:08
2017/12/04,14:38:12
2017/12/05,14:39:12
2017/12/06,14:40:09
2017/12/07,14:41:03
2017/12/08,14:41:53
2017/12/09,14:42:40
2017/12/10,14:43:24
2017/12/11,14:44:04
2017/12/12,14:44:40
2017/12/13,14:45:13
2017/12/14,14:45:43
2017/12/15,14:46:08
2017/12/16,14:46:30
2017/12/17,14:46:48
2017/12/18,14:47:03
2017/12/19,14:47:13
2017/12/20,14:47:20
2017/12/21,14:47:23
2017/12/22,14:47:23
2017/12/23,14:47:18
2017/12/24,14:47:10
2017/12/25,14:46:58
2017/12/26,14:46:42
2017/12/27,14:46:23
2017/12/28,14:46:00
2017/12/29,14:45:33
2017/12/30,14:45:02
2017/12/31,14:44:28
2018/01/01,14:44:19
2018/01/02,14:43:40
2018/01/03,14:42:58
2018/01/04,14:42:12
2018/01/05,14:41:23
2018/01/06,14:40:30
2018/01/07,14:39:34
2018/01/08,14:38:35
2018/01/09,14:37:32
2018/01/10,14:36:27
2018/01/11,14:35:18
2018/01/12,14:34:06
2018/01/13,14:32:50
2018/01/14,14:31:32
2018/01/15,14:30:11
2018/01/16,14:28:48
2018/01/17,14:27:21
2018/01/18,14:25:52
2018/01/19,14:24:20
2018/01/20,14:22:46
2018/01/21,14:21:09
2018/01/22,14:19:29
2018/01/23,14:17:48
2018/01/24,14:16:04
2018/01/25,14:14:18
2018/01/26,14:12:29
2018/01/27,14:10:39
2018/01/28,14:08:47
2018/01/29,14:06:53
2018/01/30,14:04:56
2018/01/31,14:02:59
2018/02/01,14:00:59
2018/02/02,13:58:58
2018/02/03,13:56:55
2018/02/04,13:54:51
2018/02/05,13:52:45
2018/02/06,13:50:38
2018/02/07,13:48:29
2018/02/08,13:46:20
2018/02/09,13:44:09
2018/02/10,13:41:57
2018/02/11,13:39:43
2018/02/12,13:37:29
2018/02/13,13:35:14
2018/02/14,13:32:58
2018/02/15,13:30:41
2018/02/16,13:28:23
2018/02/17,13:26:04
2018/02/18,13:23:44
2018/02/19,13:21:24
2018/02/20,13:19:03
2018/02/21,13:16:41
2018/02/22,13:14:19
2018/02/23,13:11:56
2018/02/24,13:09:32
2018/02/25,13:07:08
2018/02/26,13:04:44
2018/02/27,13:02:19
2018/02/28,12:59:54
2018/03/01,12:55:03
2018/03/02,12:52:37
2018/03/03,12:50:10
2018/03/04,12:47:44
2018/03/05,12:45:17
2018/03/06,12:42:50
2018/03/07,12:40:22
2018/03/08,12:37:55
2018/03/09,12:35:28
2018/03/10,12:33:00
2018/03/11,12:30:33
2018/03/12,12:28:05
2018/03/13,12:25:37
2018/03/14,12:23:10
2018/03/15,12:20:42
2018/03/16,12:18:14
2018/03/17,12:15:47
2018/03/18,12:13:19
2018/03/19,12:10:52
2018/03/20,12:08:24
2018/03/21,12:05:57
2018/03/22,12:03:30
2018/03/23,12:01:03
2018/03/24,11:58:36
2018/03/25,11:56:10
2018/03/26,11:53:43
2018/03/27,11:51:17
2018/03/28,11:48:51
2018/03/29,11:46:26
2018/03/30,11:44:01
2018/03/31,11:41:36
2018/04/01,11:39:11
2018/04/02,11:36:47
2018/04/03,11:34:23
2018/04/04,11:32:00
2018/04/05,11:29:37
2018/04/06,11:27:14
2018/04/07,11:24:52
2018/04/08,11:22:31
2018/04/09,11:20:10
2018/04/10,11:17:49
2018/04/11,11:15:30
2018/04/12,11:13:10
2018/04/13,11:10:52
2018/04/14,11:08:34
2018/04/15,11:06:16
2018/04/16,11:04:00
2018/04/17,11:01:44
2018/04/18,10:59:28
2018/04/19,10:57:14
2018/04/20,10:55:00
2018/04/21,10:52:48
2018/04/22,10:50:36
2018/04/23,10:48:25
2018/04/24,10:46:14
2018/04/25,10:44:05
2018/04/26,10:41:57
2018/04/27,10:39:50
2018/04/28,10:37:44
2018/04/29,10:35:40
2018/04/30,10:33:36
2018/05/01,10:31:34
2018/05/02,10:29:33
2018/05/03,10:27:33
2018/05/04,10:25:34
2018/05/05,10:23:37
2018/05/06,10:21:42
2018/05/07,10:19:48
2018/05/08,10:17:55
2018/05/09,10:16:04
2018/05/10,10:14:15
2018/05/11,10:12:27
2018/05/12,10:10:41
2018/05/13,10:08:57
2018/05/14,10:07:14
2018/05/15,10:05:34
2018/05/16,10:03:55
2018/05/17,10:02:18
2018/05/18,10:00:43
2018/05/19,9:59:11
2018/05/20,9:57:40
2018/05/21,9:56:12
2018/05/22,9:54:46
2018/05/23,9:53:22
2018/05/24,9:52:00
2018/05/25,9:50:41
2018/05/26,9:49:24
2018/05/27,9:48:09
2018/05/28,9:46:58
2018/05/29,9:45:48
2018/05/30,9:44:42
2018/05/31,9:43:37
2018/06/01,9:42:36
2018/06/02,9:41:38
2018/06/03,9:40:42
2018/06/04,9:39:49
2018/06/05,9:38:59
2018/06/06,9:38:11
2018/06/07,9:37:27
2018/06/08,9:36:46
2018/06/09,9:36:07
2018/06/10,9:35:32
2018/06/11,9:35:00
2018/06/12,9:34:30
2018/06/13,9:34:04
2018/06/14,9:33:41
2018/06/15,9:33:21
2018/06/16,9:33:04
2018/06/17,9:32:50
2018/06/18,9:32:40
2018/06/19,9:32:33
2018/06/20,9:32:28
2018/06/21,9:32:27
2018/06/22,9:32:30
2018/06/23,9:32:35
2018/06/24,9:32:43
2018/06/25,9:32:55
2018/06/26,9:33:10
2018/06/27,9:33:28
2018/06/28,9:33:49
2018/06/29,9:34:13
2018/06/30,9:34:40
2018/07/01,9:35:11
2018/07/02,9:35:44
2018/07/03,9:36:20
2018/07/04,9:37:00
2018/07/05,9:37:42
2018/07/06,9:38:27
2018/07/07,9:39:15
2018/07/08,9:40:06
2018/07/09,9:41:00
2018/07/10,9:41:56
2018/07/11,9:42:56
2018/07/12,9:43:57
2018/07/13,9:45:02
2018/07/14,9:46:09
2018/07/15,9:47:19
2018/07/16,9:48:31
2018/07/17,9:49:45
2018/07/18,9:51:02
2018/07/19,9:52:22
2018/07/20,9:53:43
2018/07/21,9:55:07
2018/07/22,9:56:33
2018/07/23,9:58:02
2018/07/24,9:59:32
2018/07/25,10:01:04
2018/07/26,10:02:39
2018/07/27,10:04:15
2018/07/28,10:05:53
2018/07/29,10:07:33
2018/07/30,10:09:15
2018/07/31,10:10:59
2018/08/01,10:12:44
2018/08/02,10:14:31
2018/08/03,10:16:20
2018/08/04,10:18:10
2018/08/05,10:20:01
2018/08/06,10:21:54
2018/08/07,10:23:49
2018/08/08,10:25:45
2018/08/09,10:27:42
2018/08/10,10:29:40
2018/08/11,10:31:40
2018/08/12,10:33:41
2018/08/13,10:35:43
2018/08/14,10:37:46
2018/08/15,10:39:51
2018/08/16,10:41:56
2018/08/17,10:44:03
2018/08/18,10:46:10
2018/08/19,10:48:18
2018/08/20,10:50:28
2018/08/21,10:52:38
2018/08/22,10:54:49
2018/08/23,10:57:00
2018/08/24,10:59:13
2018/08/25,11:01:26
2018/08/26,11:03:40
2018/08/27,11:05:55
2018/08/28,11:08:10
2018/08/29,11:10:26
2018/08/30,11:12:43
2018/08/31,11:15:00
2018/09/01,11:17:18
2018/09/02,11:19:36
2018/09/03,11:21:55
2018/09/04,11:24:14
2018/09/05,11:26:34
2018/09/06,11:28:54
2018/09/07,11:31:15
2018/09/08,11:33:36
2018/09/09,11:35:58
2018/09/10,11:38:19
2018/09/11,11:40:42
2018/09/12,11:43:04
2018/09/13,11:45:27
2018/09/14,11:47:50
2018/09/15,11:50:14
2018/09/16,11:52:38
2018/09/17,11:55:02
2018/09/18,11:57:26
2018/09/19,11:59:50
2018/09/20,12:02:15
2018/09/21,12:04:40
2018/09/22,12:07:05
2018/09/23,12:09:30
2018/09/24,12:11:55
2018/09/25,12:14:20
2018/09/26,12:16:45
2018/09/27,12:19:11
2018/09/28,12:21:36
2018/09/29,12:24:02
2018/09/30,12:26:27
2018/10/01,12:28:53
2018/10/02,12:31:18
2018/10/03,12:33:43
2018/10/04,12:36:09
2018/10/05,12:38:34
2018/10/06,12:40:59
2018/10/07,12:43:24
2018/10/08,12:45:49
2018/10/09,12:48:13
2018/10/10,12:50:38
2018/10/11,12:53:02
2018/10/12,12:55:26
2018/10/13,12:57:50
2018/10/14,13:00:13
2018/10/15,13:02:36
2018/10/16,13:04:59
2018/10/17,13:07:21
2018/10/18,13:09:43
2018/10/19,13:12:05
2018/10/20,13:14:26
2018/10/21,13:16:46
2018/10/22,13:19:06
2018/10/23,13:21:25
2018/10/24,13:23:43
2018/10/25,13:26:01
2018/10/26,13:28:18
2018/10/27,13:30:35
2018/10/28,13:32:50
2018/10/29,13:35:05
2018/10/30,13:37:18
2018/10/31,13:39:31
2018/11/01,13:41:43
2018/11/02,13:43:53
2018/11/03,13:46:03
2018/11/04,13:48:11
2018/11/05,13:50:19
2018/11/06,13:52:25
2018/11/07,13:54:29
2018/11/08,13:56:32
2018/11/09,13:58:34
2018/11/10,14:00:34
2018/11/11,14:02:33
2018/11/12,14:04:30
2018/11/13,14:06:26
2018/11/14,14:08:19
2018/11/15,14:10:11
2018/11/16,14:12:01
2018/11/17,14:13:49
2018/11/18,14:15:35
2018/11/19,14:17:18
2018/11/20,14:19:00
2018/11/21,14:20:39
2018/11/22,14:22:16
2018/11/23,14:23:51
2018/11/24,14:25:23
2018/11/25,14:26:52
2018/11/26,14:28:19
2018/11/27,14:29:43
2018/11/28,14:31:05
2018/11/29,14:32:23
2018/11/30,14:33:39
2018/12/01,14:34:52
2018/12/02,14:36:01
2018/12/03,14:37:08
2018/12/04,14:38:12
2018/12/05,14:39:12
2018/12/06,14:40:09
2018/12/07,14:41:03
2018/12/08,14:41:53
2018/12/09,14:42:40
2018/12/10,14:43:24
2018/12/11,14:44:04
2018/12/12,14:44:40
2018/12/13,14:45:13
2018/12/14,14:45:43
2018/12/15,14:46:08
2018/12/16,14:46:30
2018/12/17,14:46:48
2018/12/18,14:47:03
2018/12/19,14:47:13
2018/12/20,14:47:20
2018/12/21,14:47:23
2018/12/22,14:47:23
2018/12/23,14:47:18
2018/12/24,14:47:10
2018/12/25,14:46:58
2018/12/26,14:46:42
2018/12/27,14:46:23
2018/12/28,14:46:00
2018/12/29,14:45:33
2018/12/30,14:45:02
2018/12/31,14:44:28
2019/01/01,14:44:19
2019/01/02,14:43:40
2019/01/03,14:42:58
2019/01/04,14:42:12
2019/01/05,14:41:23
2019/01/06,14:40:30
2019/01/07,14:39:34
2019/01/08,14:38:35
2019/01/09,14:37:32
2019/01/10,14:36:27
2019/01/11,14:35:18
2019/01/12,14:34:06
2019/01/13,14:32:50
2019/01/14,14:31:32
2019/01/15,14:30:11
2019/01/16,14:28:48
2019/01/17,14:27:21
2019/01/18,14:25:52
2019/01/19,14:24:20
2019/01/20,14:22:46
2019/01/21,14:21:09
2019/01/22,14:19:29
2019/01/23,14:17:48
2019/01/24,14:16:04
2019/01/25,14:14:18
2019/01/26,14:12:29
2019/01/27,14:10:39
2019/01/28,14:08:47
2019/01/29,14:06:53
2019/01/30,14:04:56
2019/01/31,14:02:59
2019/02/01,14:00:59
2019/02/02,13:58:58
2019/02/03,13:56:55
2019/02/04,13:54:51
2019/02/05,13:52:45
2019/02/06,13:50:38
2019/02/07,13:48:29
2019/02/08,13:46:20
2019/02/09,13:44:09
2019/02/10,13:41:57
2019/02/11,13:39:43
2019/02/12,13:37:29
2019/02/13,13:35:14
2019/02/14,13:32:58
2019/02/15,13:30:41
2019/02/16,13:28:23
2019/02/17,13:26:04
2019/02/18,13:23:44
2019/02/19,13:21:24
2019/02/20,13:19:03
2019/02/21,13:16:41
2019/02/22,13:14:19
2019/02/23,13:11:56
2019/02/24,13:09:32
2019/02/25,13:07:08
2019/02/26,13:04:44
2019/02/27,13:02:19
2019/02/28,12:59:54
2019/03/01,12:55:03
2019/03/02,12:52:37
2019/03/03,12:50:10
2019/03/04,12:47:44
2019/03/05,12:45:17
2019/03/06,12:42:50
2019/03/07,12:40:22
2019/03/08,12:37:55
2019/03/09,12:35:28
2019/03/10,12:33:00
2019/03/11,12:30:33
2019/03/12,12:28:05
2019/03/13,12:25:37
2019/03/14,12:23:10
2019/03/15,12:20:42
2019/03/16,12:18:14
2019/03/17,12:15:47
2019/03/18,12:13:19
2019/03/19,12:10:52
2019/03/20,12:08:24
2019/03/21,12:05:57
2019/03/22,12:03:30
2019/03/23,12:01:03
2019/03/24,11:58:36
2019/03/25,11:56:10
2019/03/26,11:53:43
2019/03/27,11:51:17
2019/03/28,11:48:51
2019/03/29,11:46:26
2019/03/30,11:44:01
2019/03/31,11:41:36
2019/04/01,11:39:11
2019/04/02,11:36:47
2019/04/03,11:34:23
2019/04/04,11:32:00
2019/04/05,11:29:37
2019/04/06,11:27:14
2019/04/07,11:24:52
2019/04/08,11:22:31
2019/04/09,11:20:10
2019/04/10,11:17:49
2019/04/11,11:15:30
2019/04/12,11:13:10
2019/04/13,11:10:52
2019/04/14,11:08:34
2019/04/15,11:06:16
2019/04/16,11:04:00
2019/04/17,11:01:44
2019/04/18,10:59:28
2019/04/19,10:57:14
2019/04/20,10:55:00
2019/04/21,10:52:48
2019/04/22,10:50:36
2019/04/23,10:48:25
2019/04/24,10:46:14
2019/04/25,10:44:05
2019/04/26,10:41:57
2019/04/27,10:39:50
2019/04/28,10:37:44
2019/04/29,10:35:40
2019/04/30,10:33:36
2019/05/01,10:31:34
2019/05/02,10:29:33
2019/05/03,10:27:33
2019/05/04,10:25:34
2019/05/05,10:23:37
2019/05/06,10:21:42
2019/05/07,10:19:48
2019/05/08,10:17:55
2019/05/09,10:16:04
2019/05/10,10:14:15
2019/05/11,10:12:27
2019/05/12,10:10:41
2019/05/13,10:08:57
2019/05/14,10:07:14
2019/05/15,10:05:34
2019/05/16,10:03:55
2019/05/17,10:02:18
2019/05/18,10:00:43
2019/05/19,9:59:11
2019/05/20,9:57:40
2019/05/21,9:56:12
2019/05/22,9:54:46
2019/05/23,9:53:22
2019/05/24,9:52:00
2019/05/25,9:50:41
2019/05/26,9:49:24
2019/05/27,9:48:09
2019/05/28,9:46:58
2019/05/29,9:45:48
2019/05/30,9:44:42
2019/05/31,9:43:37
2019/06/01,9:42:36
2019/06/02,9:41:38
2019/06/03,9:40:42
2019/06/04,9:39:49
2019/06/05,9:38:59
2019/06/06,9:38:11
2019/06/07,9:37:27
2019/06/08,9:36:46
2019/06/09,9:36:07
2019/06/10,9:35:32
2019/06/11,9:35:00
2019/06/12,9:34:30
2019/06/13,9:34:04
2019/06/14,9:33:41
2019/06/15,9:33:21
2019/06/16,9:33:04
2019/06/17,9:32:50
2019/06/18,9:32:40
2019/06/19,9:32:33
2019/06/20,9:32:28
2019/06/21,9:32:27
2019/06/22,9:32:30
2019/06/23,9:32:35
2019/06/24,9:32:43
2019/06/25,9:32:55
2019/06/26,9:33:10
2019/06/27,9:33:28
2019/06/28,9:33:49
2019/06/29,9:34:13
2019/06/30,9:34:40
2019/07/01,9:35:11
2019/07/02,9:35:44
2019/07/03,9:36:20
2019/07/04,9:37:00
2019/07/05,9:37:42
2019/07/06,9:38:27
2019/07/07,9:39:15
2019/07/08,9:40:06
2019/07/09,9:41:00
2019/07/10,9:41:56
2019/07/11,9:42:56
2019/07/12,9:43:57
2019/07/13,9:45:02
2019/07/14,9:46:09
2019/07/15,9:47:19
2019/07/16,9:48:31
2019/07/17,9:49:45
2019/07/18,9:51:02
2019/07/19,9:52:22
2019/07/20,9:53:43
2019/07/21,9:55:07
2019/07/22,9:56:33
2019/07/23,9:58:02
2019/07/24,9:59:32
2019/07/25,10:01:04
2019/07/26,10:02:39
2019/07/27,10:04:15
2019/07/28,10:05:53
2019/07/29,10:07:33
2019/07/30,10:09:15
2019/07/31,10:10:59
2019/08/01,10:12:44
2019/08/02,10:14:31
2019/08/03,10:16:20
2019/08/04,10:18:10
2019/08/05,10:20:01
2019/08/06,10:21:54
2019/08/07,10:23:49
2019/08/08,10:25:45
2019/08/09,10:27:42
2019/08/10,10:29:40
2019/08/11,10:31:40
2019/08/12,10:33:41
2019/08/13,10:35:43
2019/08/14,10:37:46
2019/08/15,10:39:51
2019/08/16,10:41:56
2019/08/17,10:44:03
2019/08/18,10:46:10
2019/08/19,10:48:18
2019/08/20,10:50:28
2019/08/21,10:52:38
2019/08/22,10:54:49
2019/08/23,10:57:00
2019/08/24,10:59:13
2019/08/25,11:01:26
2019/08/26,11:03:40
2019/08/27,11:05:55
2019/08/28,11:08:10
2019/08/29,11:10:26
2019/08/30,11:12:43
2019/08/31,11:15:00
2019/09/01,11:17:18
2019/09/02,11:19:36
2019/09/03,11:21:55
2019/09/04,11:24:14
2019/09/05,11:26:34
2019/09/06,11:28:54
2019/09/07,11:31:15
2019/09/08,11:33:36
2019/09/09,11:35:58
2019/09/10,11:38:19
2019/09/11,11:40:42
2019/09/12,11:43:04
2019/09/13,11:45:27
2019/09/14,11:47:50
2019/09/15,11:50:14
2019/09/16,11:52:38
2019/09/17,11:55:02
2019/09/18,11:57:26
2019/09/19,11:59:50
2019/09/20,12:02:15
2019/09/21,12:04:40
2019/09/22,12:07:05
2019/09/23,12:09:30
2019/09/24,12:11:55
2019/09/25,12:14:20
2019/09/26,12:16:45
2019/09/27,12:19:11
2019/09/28,12:21:36
2019/09/29,12:24:02
2019/09/30,12:26:27
2019/10/01,12:28:53
2019/10/02,12:31:18
2019/10/03,12:33:43
2019/10/04,12:36:09
2019/10/05,12:38:34
2019/10/06,12:40:59
2019/10/07,12:43:24
2019/10/08,12:45:49
2019/10/09,12:48:13
2019/10/10,12:50:38
2019/10/11,12:53:02
2019/10/12,12:55:26
2019/10/13,12:57:50
2019/10/14,13:00:13
2019/10/15,13:02:36
2019/10/16,13:04:59
2019/10/17,13:07:21
2019/10/18,13:09:43
2019/10/19,13:12:05
2019/10/20,13:14:26
2019/10/21,13:16:46
2019/10/22,13:19:06
2019/10/23,13:21:25
2019/10/24,13:23:43
2019/10/25,13:26:01
2019/10/26,13:28:18
2019/10/27,13:30:35
2019/10/28,13:32:50
2019/10/29,13:35:05
2019/10/30,13:37:18
2019/10/31,13:39:31
2019/11/01,13:41:43
2019/11/02,13:43:53
2019/11/03,13:46:03
2019/11/04,13:48:11
2019/11/05,13:50:19
2019/11/06,13:52:25
2019/11/07,13:54:29
2019/11/08,13:56:32
2019/11/09,13:58:34
2019/11/10,14:00:34
2019/11/11,14:02:33
2019/11/12,14:04:30
2019/11/13,14:06:26
2019/11/14,14:08:19
2019/11/15,14:10:11
2019/11/16,14:12:01
2019/11/17,14:13:49
2019/11/18,14:15:35
2019/11/19,14:17:18
2019/11/20,14:19:00
2019/11/21,14:20:39
2019/11/22,14:22:16
2019/11/23,14:23:51
2019/11/24,14:25:23
2019/11/25,14:26:52
2019/11/26,14:28:19
2019/11/27,14:29:43
2019/11/28,14:31:05
2019/11/29,14:32:23
2019/11/30,14:33:39
2019/12/01,14:34:52
2019/12/02,14:36:01
2019/12/03,14:37:08
2019/12/04,14:38:12
2019/12/05,14:39:12
2019/12/06,14:40:09
2019/12/07,14:41:03
2019/12/08,14:41:53
2019/12/09,14:42:40
2019/12/10,14:43:24
2019/12/11,14:44:04
2019/12/12,14:44:40
2019/12/13,14:45:13
2019/12/14,14:45:43
2019/12/15,14:46:08
2019/12/16,14:46:30
2019/12/17,14:46:48
2019/12/18,14:47:03
2019/12/19,14:47:13
2019/12/20,14:47:20
2019/12/21,14:47:23
2019/12/22,14:47:23
2019/12/23,14:47:18
2019/12/24,14:47:10
2019/12/25,14:46:58
2019/12/26,14:46:42
2019/12/27,14:46:23
2019/12/28,14:46:00
2019/12/29,14:45:33
2019/12/30,14:45:02
2019/12/31,14:44:28
2020/01/01,14:44:19
2020/01/02,14:43:40
2020/01/03,14:42:58
2020/01/04,14:42:12
2020/01/05,14:41:23
2020/01/06,14:40:30
2020/01/07,14:39:34
2020/01/08,14:38:35
2020/01/09,14:37:32
2020/01/10,14:36:27
2020/01/11,14:35:18
2020/01/12,14:34:06
2020/01/13,14:32:50
2020/01/14,14:31:32
2020/01/15,14:30:11
2020/01/16,14:28:48
2020/01/17,14:27:21
2020/01/18,14:25:52
2020/01/19,14:24:20
2020/01/20,14:22:46
2020/01/21,14:21:09
2020/01/22,14:19:29
2020/01/23,14:17:48
2020/01/24,14:16:04
2020/01/25,14:14:18
2020/01/26,14:12:29
2020/01/27,14:10:39
2020/01/28,14:08:47
2020/01/29,14:06:53
2020/01/30,14:04:56
2020/01/31,14:02:59
2020/02/01,14:00:59
2020/02/02,13:58:58
2020/02/03,13:56:55
2020/02/04,13:54:51
2020/02/05,13:52:45
2020/02/06,13:50:38
2020/02/07,13:48:29
2020/02/08,13:46:20
2020/02/09,13:44:09
2020/02/10,13:41:57
2020/02/11,13:39:43
2020/02/12,13:37:29
2020/02/13,13:35:14
2020/02/14,13:32:58
2020/02/15,13:30:41
2020/02/16,13:28:23
2020/02/17,13:26:04
2020/02/18,13:23:44
2020/02/19,13:21:24
2020/02/20,13:19:03
2020/02/21,13:16:41
2020/02/22,13:14:19
2020/02/23,13:11:56
2020/02/24,13:09:32
2020/02/25,13:07:08
2020/02/26,13:04:44
2020/02/27,13:02:19
2020/02/28,12:59:54
2020/02/29,12:57:29
2020/03/01,12:55:03
2020/03/02,12:52:37
2020/03/03,12:50:10
2020/03/04,12:47:44
2020/03/05,12:45:17
2020/03/06,12:42:50
2020/03/07,12:40:22
2020/03/08,12:37:55
2020/03/09,12:35:28
2020/03/10,12:33:00
2020/03/11,12:30:33
2020/03/12,12:28:05
2020/03/13,12:25:37
2020/03/14,12:23:10
2020/03/15,12:20:42
2020/03/16,12:18:14
2020/03/17,12:15:47
2020/03/18,12:13:19
2020/03/19,12:10:52
2020/03/20,12:08:24
2020/03/21,12:05:57
2020/03/22,12:03:30
2020/03/23,12:01:03
2020/03/24,11:58:36
2020/03/25,11:56:10
2020/03/26,11:53:43
2020/03/27,11:51:17
2020/03/28,11:48:51
2020/03/29,11:46:26
2020/03/30,11:44:01
2020/03/31,11:41:36
2020/04/01,11:39:11
2020/04/02,11:36:47
2020/04/03,11:34:23
2020/04/04,11:32:00
2020/04/05,11:29:37
2020/04/06,11:27:14
2020/04/07,11:24:52
2020/04/08,11:22:31
2020/04/09,11:20:10
2020/04/10,11:17:49
2020/04/11,11:15:30
2020/04/12,11:13:10
2020/04/13,11:10:52
2020/04/14,11:08:34
2020/04/15,11:06:16
2020/04/16,11:04:00
2020/04/17,11:01:44
2020/04/18,10:59:28
2020/04/19,10:57:14
2020/04/20,10:55:00
2020/04/21,10:52:48
2020/04/22,10:50:36
2020/04/23,10:48:25
2020/04/24,10:46:14
2020/04/25,10:44:05
2020/04/26,10:41:57
2020/04/27,10:39:50
2020/04/28,10:37:44
2020/04/29,10:35:40
2020/04/30,10:33:36
2020/05/01,10:31:34
2020/05/02,10:29:33
2020/05/03,10:27:33
2020/05/04,10:25:34
2020/05/05,10:23:37
2020/05/06,10:21:42
2020/05/07,10:19:48
2020/05/08,10:17:55
2020/05/09,10:16:04
2020/05/10,10:14:15
2020/05/11,10:12:27
2020/05/12,10:10:41
2020/05/13,10:08:57
2020/05/14,10:07:14
2020/05/15,10:05:34
2020/05/16,10:03:55
2020/05/17,10:02:18
2020/05/18,10:00:43
2020/05/19,9:59:11
2020/05/20,9:57:40
2020/05/21,9:56:12
2020/05/22,9:54:46
2020/05/23,9:53:22
2020/05/24,9:52:00
2020/05/25,9:50:41
2020/05/26,9:49:24
2020/05/27,9:48:09
2020/05/28,9:46:58
2020/05/29,9:45:48
2020/05/30,9:44:42
2020/05/31,9:43:37
2020/06/01,9:42:36
2020/06/02,9:41:38
2020/06/03,9:40:42
2020/06/04,9:39:49
2020/06/05,9:38:59
2020/06/06,9:38:11
2020/06/07,9:37:27
2020/06/08,9:36:46
2020/06/09,9:36:07
2020/06/10,9:35:32
2020/06/11,9:35:00
2020/06/12,9:34:30
2020/06/13,9:34:04
2020/06/14,9:33:41
2020/06/15,9:33:21
2020/06/16,9:33:04
2020/06/17,9:32:50
2020/06/18,9:32:40
2020/06/19,9:32:33
2020/06/20,9:32:28
2020/06/21,9:32:27
2020/06/22,9:32:30
2020/06/23,9:32:35
2020/06/24,9:32:43
2020/06/25,9:32:55
2020/06/26,9:33:10
2020/06/27,9:33:28
2020/06/28,9:33:49
2020/06/29,9:34:13
2020/06/30,9:34:40
2020/07/01,9:35:11
2020/07/02,9:35:44
2020/07/03,9:36:20
2020/07/04,9:37:00
2020/07/05,9:37:42
2020/07/06,9:38:27
2020/07/07,9:39:15
2020/07/08,9:40:06
2020/07/09,9:41:00
2020/07/10,9:41:56
2020/07/11,9:42:56
2020/07/12,9:43:57
2020/07/13,9:45:02
2020/07/14,9:46:09
2020/07/15,9:47:19
2020/07/16,9:48:31
2020/07/17,9:49:45
2020/07/18,9:51:02
2020/07/19,9:52:22
2020/07/20,9:53:43
2020/07/21,9:55:07
2020/07/22,9:56:33
2020/07/23,9:58:02
2020/07/24,9:59:32
2020/07/25,10:01:04
2020/07/26,10:02:39
2020/07/27,10:04:15
2020/07/28,10:05:53
2020/07/29,10:07:33
2020/07/30,10:09:15
2020/07/31,10:10:59
2020/08/01,10:12:44
2020/08/02,10:14:31
2020/08/03,10:16:20
2020/08/04,10:18:10
2020/08/05,10:20:01
2020/08/06,10:21:54
2020/08/07,10:23:49
2020/08/08,10:25:45
2020/08/09,10:27:42
2020/08/10,10:29:40
2020/08/11,10:31:40
2020/08/12,10:33:41
2020/08/13,10:35:43
2020/08/14,10:37:46
2020/08/15,10:39:51
2020/08/16,10:41:56
2020/08/17,10:44:03
2020/08/18,10:46:10
2020/08/19,10:48:18
2020/08/20,10:50:28
2020/08/21,10:52:38
2020/08/22,10:54:49
2020/08/23,10:57:00
2020/08/24,10:59:13
2020/08/25,11:01:26
2020/08/26,11:03:40
2020/08/27,11:05:55
2020/08/28,11:08:10
2020/08/29,11:10:26
2020/08/30,11:12:43
2020/08/31,11:15:00
2020/09/01,11:17:18
2020/09/02,11:19:36
2020/09/03,11:21:55
2020/09/04,11:24:14
2020/09/05,11:26:34
2020/09/06,11:28:54
2020/09/07,11:31:15
2020/09/08,11:33:36
2020/09/09,11:35:58
2020/09/10,11:38:19
2020/09/11,11:40:42
2020/09/12,11:43:04
2020/09/13,11:45:27
2020/09/14,11:47:50
2020/09/15,11:50:14
2020/09/16,11:52:38
2020/09/17,11:55:02
2020/09/18,11:57:26
2020/09/19,11:59:50
2020/09/20,12:02:15
2020/09/21,12:04:40
2020/09/22,12:07:05
2020/09/23,12:09:30
2020/09/24,12:11:55
2020/09/25,12:14:20
2020/09/26,12:16:45
2020/09/27,12:19:11
2020/09/28,12:21:36
2020/09/29,12:24:02
2020/09/30,12:26:27
2020/10/01,12:28:53
2020/10/02,12:31:18
2020/10/03,12:33:43
2020/10/04,12:36:09
2020/10/05,12:38:34
2020/10/06,12:40:59
2020/10/07,12:43:24
2020/10/08,12:45:49
2020/10/09,12:48:13
2020/10/10,12:50:38
2020/10/11,12:53:02
2020/10/12,12:55:26
2020/10/13,12:57:50
2020/10/14,13:00:13
2020/10/15,13:02:36
2020/10/16,13:04:59
2020/10/17,13:07:21
2020/10/18,13:09:43
2020/10/19,13:12:05
2020/10/20,13:14:26
2020/10/21,13:16:46
2020/10/22,13:19:06
2020/10/23,13:21:25
2020/10/24,13:23:43
2020/10/25,13:26:01
2020/10/26,13:28:18
2020/10/27,13:30:35
2020/10/28,13:32:50
2020/10/29,13:35:05
2020/10/30,13:37:18
